Track Identifier,Title,Artist,Album,Genre,Track Duration,Track Play Count,Skip Count,Date Added To Library,Release Date,Last Played Date,Favorite Date - Track
182884646,Reminder,The Weeknd,Starboy,R&B/Soul,218879.0,38,0,2021-08-19 00:05:19+00:00,2016-11-25T12:00:00Z,2022-10-28 16:08:10+00:00,2021-09-01 02:51:16+00:00
182885126,Repeat After Me (Interlude),The Weeknd,After Hours,R&B/Soul,195815.0,0,0,2021-08-19 00:07:42+00:00,2020-03-20T12:00:00Z,,2021-08-27 21:34:02+00:00
182907406,Possessed,22Gz,The Blixky Tape 2 (Deluxe),Hip-Hop/Rap,149683.0,18,0,2022-06-06 02:33:49+00:00,2021-03-19T07:00:00Z,2022-11-05 04:06:51+00:00,2022-06-06 02:36:30+00:00
182909706,Orchids,Stone Sour,Stone Sour (Special Edition),Hard Rock,264200.0,13,0,2022-08-22 12:55:13+00:00,2002-08-27T07:00:00Z,2022-09-10 02:55:41+00:00,2022-08-23 17:57:38+00:00
182910758,Best Part (feat. Daniel Caesar),H.E.R.,H.E.R.,R&B/Soul,209388.0,137,2,2022-09-09 04:06:23+00:00,2017-08-25T12:00:00Z,2024-11-20 09:07:25+00:00,2024-03-19 12:50:28+00:00
182911494,no COMPETiTiON,Co Cash,F.A.C.T.S.,Hip-Hop/Rap,180448.0,177,3,2022-10-05 13:13:44+00:00,2019-04-19T12:00:00Z,2024-11-15 21:37:40+00:00,2024-02-23 18:30:40+00:00
182914606,This Is 4 My Baby,Lloyd,King of Hearts (Deluxe Version),R&B/Soul,313213.0,149,0,2022-12-31 04:04:53+00:00,2011-07-05T12:00:00Z,2024-10-08 00:54:12+00:00,2024-08-22 20:00:36+00:00
182915598,Creepin',"Metro Boomin, The Weeknd & 21 Savage",HEROES & VILLAINS,Hip-Hop/Rap,221520.0,84,1,2023-02-03 21:24:46+00:00,2022-12-02T12:00:00Z,2024-10-24 01:07:08+00:00,2024-09-09 19:04:41+00:00
182916390,9 5 . s o u t h,J. Cole,The Off-Season,Hip-Hop/Rap,196946.0,67,4,2023-02-14 12:51:05+00:00,2021-05-14T12:00:00Z,2024-10-31 17:39:28+00:00,2024-05-12 01:05:45+00:00
182918674,I Heard,YoungBoy Never Broke Again,Richest Opp,Hip-Hop/Rap,183484.0,62,2,2023-05-15 11:51:54+00:00,2023-05-12T12:00:00Z,2024-10-30 14:55:35+00:00,2024-09-09 02:30:14+00:00
182918706,That's What I Like,Bruno Mars,24K Magic,Pop,206697.0,95,3,2023-05-16 22:51:47+00:00,2016-11-18T08:00:00Z,2024-11-15 22:14:16+00:00,2024-01-18 20:54:25+00:00
182919710,DELRESTO (ECHOES) [feat. Beyoncé],Travis Scott,UTOPIA,Hip-Hop/Rap,274138.0,45,5,2023-07-31 04:00:14+00:00,2023-07-28T07:00:00Z,2024-09-24 02:12:16+00:00,2024-01-06 03:23:46+00:00
182921234,Hail Mary (feat. Young Jeezy & Lil Wayne),Trey Songz,Chapter V (Deluxe Edition),R&B/Soul,235627.0,48,1,2023-09-05 19:34:43+00:00,2012-08-01T07:00:00Z,2024-10-29 21:14:41+00:00,2024-01-18 20:54:48+00:00
182922766,Statement,NF,Therapy Session,Hip-Hop/Rap,190920.0,8,0,2023-10-06 20:04:27+00:00,2016-04-22T12:00:00Z,2023-11-15 13:06:50+00:00,2023-11-01 23:58:31+00:00
182923282,Look At Me Now (feat. Lil Wayne & Busta Rhymes),Chris Brown,F.A.M.E. (Expanded Edition),R&B/Soul,222587.0,0,0,2023-11-05 22:57:33+00:00,2011-02-01T12:00:00Z,,2020-04-22 01:35:21+00:00
182923286,Orchids,Stone Sour,Stone Sour (Special Edition),Hard Rock,264200.0,0,0,2023-11-05 22:57:33+00:00,2002-08-27T07:00:00Z,,2022-08-23 17:57:39+00:00
182923542,It Will Rain,Bruno Mars,"The Twilight Saga: Breaking Dawn, Pt. 1 (Original Motion Picture Soundtrack) [Deluxe Version]",Soundtrack,257720.0,26,0,2023-12-04 12:56:25+00:00,2011-09-27T07:00:00Z,2024-01-05 05:26:46+00:00,2023-12-04 12:56:25+00:00
182923782,Baby Boy (feat. Sean Paul),Beyoncé,Dangerously in Love,Pop,244827.0,9,0,2023-12-19 15:49:56+00:00,2003-06-23T07:00:00Z,2024-01-01 14:10:33+00:00,2023-12-19 15:49:38+00:00
182923826,Drunk In Love (feat. Jay Z),Beyoncé,Beyoncé (Deluxe),Pop,323486.0,0,0,2024-01-06 03:23:28+00:00,2013-12-13T08:00:00Z,,2024-01-06 03:23:27+00:00
182923830,Formation,Beyoncé,Lemonade,Pop,206080.0,0,0,2024-01-06 03:23:33+00:00,2016-02-06T08:00:00Z,,2024-01-06 03:23:32+00:00
182924034,Crazy in Love (feat. Jay-Z),Beyoncé,Dangerously in Love,Pop,236133.0,0,0,2024-01-06 03:23:36+00:00,2003-05-14T07:00:00Z,,2024-01-06 03:23:36+00:00
182924038,Love On Top,Beyoncé,4 (Expanded Edition),Pop,267541.0,0,0,2024-01-06 03:23:40+00:00,2011-06-24T07:00:00Z,,2024-01-06 03:23:39+00:00
182924042,Before I Let Go (Homecoming Live Bonus Track),Beyoncé,HOMECOMING: THE LIVE ALBUM,Pop,240777.0,0,0,2024-01-06 03:23:44+00:00,2019-04-16T12:00:00Z,,2024-01-06 03:23:43+00:00
182924046,Partition,Beyoncé,BEYONCÉ (Platinum Edition),Pop,319467.0,0,0,2024-01-06 03:23:49+00:00,2013-12-13T08:00:00Z,,2024-01-06 03:23:49+00:00
182924050,Run the World (Girls),Beyoncé,4 (Expanded Edition),Pop,238305.0,0,0,2024-01-06 03:23:54+00:00,2011-04-21T07:00:00Z,,2024-01-06 03:23:54+00:00
182924054,"Independent Women, Pt. 1",Destiny's Child,Survivor,R&B/Soul,221133.0,0,0,2024-01-06 03:24:00+00:00,2000-08-29T12:00:00Z,,2024-01-06 03:23:59+00:00
182924058,Feeling Myself (feat. Beyoncé),Nicki Minaj,The Pinkprint (Bonus Tracks),Hip-Hop/Rap,237834.0,0,0,2024-01-06 03:24:03+00:00,2014-12-12T12:00:00Z,,2024-01-06 03:24:01+00:00
182924062,Single Ladies (Put a Ring on It),Beyoncé,I AM...SASHA FIERCE,Pop,193213.0,0,0,2024-01-06 03:24:12+00:00,2008-10-13T07:00:00Z,,2024-01-06 03:24:11+00:00
182924066,Irreplaceable,Beyoncé,B'Day (Deluxe Edition),Pop,227780.0,0,0,2024-01-06 03:24:17+00:00,2006-09-04T07:00:00Z,,2024-01-06 03:24:16+00:00
182924070,Survivor,Destiny's Child,Survivor,R&B/Soul,254027.0,0,0,2024-01-06 03:24:22+00:00,2001-03-06T12:00:00Z,,2024-01-06 03:24:19+00:00
182924074,Ego,Beyoncé,I AM...SASHA FIERCE (Deluxe Version),Pop,236360.0,0,0,2024-01-06 03:24:24+00:00,2008-11-12T08:00:00Z,,2024-01-06 03:24:21+00:00
182924078,Savage Remix (feat. Beyoncé),Megan Thee Stallion,Savage Remix (feat. Beyoncé) - Single,Hip-Hop/Rap,242001.0,0,0,2024-01-06 03:24:27+00:00,2020-04-29T12:00:00Z,,2024-01-06 03:24:24+00:00
182924082,Until The End Of Time (with Beyoncé),Justin Timberlake,FutureSex/LoveSounds (Deluxe Edition),Pop,322093.0,0,0,2024-01-06 03:24:28+00:00,2007-11-26T08:00:00Z,,2024-01-06 03:24:27+00:00
182924086,If I Were a Boy,Beyoncé,I AM...SASHA FIERCE,Pop,249147.0,0,0,2024-01-06 03:24:32+00:00,2008-10-08T07:00:00Z,,2024-01-06 03:24:30+00:00
182924290,Party (feat. André 3000),Beyoncé,4 (Expanded Edition),Pop,244923.0,0,0,2024-01-06 03:24:34+00:00,2011-06-24T07:00:00Z,,2024-01-06 03:24:33+00:00
182924294,Say My Name,Destiny's Child,The Writing's On the Wall,R&B/Soul,271272.0,0,0,2024-01-06 03:24:38+00:00,1999-07-14T07:00:00Z,,2024-01-06 03:24:34+00:00
182924298,Déjà-vu,Beyoncé,B'Day (Deluxe Edition),Pop,240280.0,0,0,2024-01-06 03:24:38+00:00,2006-06-24T07:00:00Z,,2024-01-06 03:24:37+00:00
182924302,Flawless Remix (feat. Nicki Minaj),Beyoncé,BEYONCÉ (More Only) - EP,Pop,234413.0,0,0,2024-01-06 03:24:43+00:00,2014-08-12T07:00:00Z,,2024-01-06 03:24:39+00:00
182924306,7/11,Beyoncé,BEYONCÉ (More Only) - EP,Pop,213507.0,0,0,2024-01-06 03:24:44+00:00,2014-11-24T08:00:00Z,,2024-01-06 03:24:42+00:00
182924310,Diva,Beyoncé,I AM...SASHA FIERCE,Pop,200613.0,0,0,2024-01-06 03:24:46+00:00,2008-11-12T08:00:00Z,,2024-01-06 03:24:43+00:00
182924314,Halo,Beyoncé,I AM...SASHA FIERCE,Pop,261640.0,0,0,2024-01-06 03:24:49+00:00,2008-11-12T08:00:00Z,,2024-01-06 03:24:47+00:00
182924318,"Me, Myself and I",Beyoncé,Dangerously in Love,Pop,301133.0,0,0,2024-01-06 03:24:53+00:00,2003-06-23T07:00:00Z,,2024-01-06 03:24:49+00:00
182924546,Leave the Door Open,"Bruno Mars, Anderson .Paak & Silk Sonic",An Evening with Silk Sonic,R&B/Soul,242096.0,0,0,2024-01-11 12:29:27+00:00,2021-03-05T08:00:00Z,,2024-01-11 12:29:26+00:00
182924590,Hasta la Vista,Jordan Francis & Roshon Bernard Fegan,Camp Rock (Music from the Disney Channel Original Movie),Musicals,155533.0,43,0,2024-03-05 14:16:06+00:00,2008-06-17T12:00:00Z,2024-11-15 22:40:03+00:00,2024-01-29 19:41:50+00:00
182924594,Low (feat. T-Pain),Flo Rida,Mail On Sunday,Hip-Hop/Rap,231400.0,0,0,2024-01-29 20:19:05+00:00,2007-10-09T07:00:00Z,,2024-01-29 20:19:04+00:00
182924598,Soldier (feat. T.I. & Lil Wayne),Destiny's Child,Destiny Fulfilled,R&B/Soul,325573.0,0,0,2024-01-29 23:36:32+00:00,2004-11-16T08:00:00Z,2024-10-02 18:41:16+00:00,2024-01-29 23:36:32+00:00
182924806,Can't Tell Me Nothing,Kanye West,Graduation,Hip-Hop/Rap,271600.0,0,0,2024-02-06 13:24:27+00:00,2007-05-15T07:00:00Z,,2024-02-06 13:24:25+00:00
182924818,Black Skinhead,Kanye West,Yeezus,Hip-Hop/Rap,188313.0,0,0,2024-02-06 20:56:09+00:00,2013-06-18T12:00:00Z,,2024-02-06 20:56:08+00:00
182924822,Blood On the Leaves,Kanye West,Yeezus,Hip-Hop/Rap,360358.0,0,0,2024-02-06 21:12:31+00:00,2013-06-18T12:00:00Z,2024-09-26 17:06:58+00:00,2024-02-06 21:12:30+00:00
182924834,My Love (feat. T.I.),Justin Timberlake,FutureSex/LoveSounds (Deluxe Edition),Pop,276160.0,0,0,2024-02-08 14:49:34+00:00,2006-09-08T07:00:00Z,,2024-02-08 14:49:34+00:00
182924846,Ex-Wives,SIX,Six: The Musical (Studio Cast Recording),Soundtrack,350219.0,0,0,2024-02-13 14:30:32+00:00,2018-08-08T12:00:00Z,,2024-02-13 14:30:31+00:00
182925062,B.E.D.,Jacquees,4275 (Bonus Version),R&B/Soul,236149.0,0,0,2024-02-13 17:55:55+00:00,2016-07-08T12:00:00Z,,2024-02-13 17:55:55+00:00
182925066,Can You Stand the Rain,New Edition,Heart Break,R&B/Soul,297707.0,0,0,2024-02-13 21:05:40+00:00,1988-06-20T12:00:00Z,,2024-02-13 21:05:12+00:00
182925070,If It Isn't Love,New Edition,Heart Break,R&B/Soul,309840.0,0,0,2024-02-13 21:05:41+00:00,1988-06-07T12:00:00Z,,2024-05-09 14:39:24+00:00
182925074,Mr. Telephone Man,New Edition,New Edition,R&B/Soul,239160.0,0,0,2024-02-13 21:05:42+00:00,1984-07-06T12:00:00Z,,2024-02-13 21:05:34+00:00
182925078,You're Not My Kind of Girl,New Edition,Heart Break,R&B/Soul,241693.0,0,0,2024-02-13 21:05:43+00:00,1988-06-20T12:00:00Z,,2024-02-13 21:05:35+00:00
182925082,My Prerogative,Bobby Brown,Don't Be Cruel,Pop,291560.0,0,0,2024-02-13 21:05:54+00:00,1988-06-20T07:00:00Z,,2024-02-13 21:05:53+00:00
182925086,Poison,Bell Biv DeVoe,20th Century Masters - The Millennium Collection: The Best of Bel Biv DeVoe,R&B/Soul,262027.0,0,0,2024-02-13 21:34:12+00:00,1990-02-24T12:00:00Z,,2024-02-13 21:34:11+00:00
182925090,Just a Friend 2002,Mario,Mario,R&B/Soul,214200.0,0,0,2024-02-14 13:05:43+00:00,2002-02-01T08:00:00Z,2024-10-30 14:23:17+00:00,2024-02-14 13:05:42+00:00
182925094,Pon de Replay,Rihanna,Music of the Sun,Pop,247116.0,0,0,2024-02-14 17:41:45+00:00,2005-05-24T07:00:00Z,,2024-02-14 17:41:44+00:00
182925102,Omg (feat. will.i.am),USHER,Raymond v Raymond (Expanded Edition),R&B/Soul,269493.0,0,0,2024-02-14 20:15:00+00:00,2010-03-22T07:00:00Z,,2024-02-14 20:14:59+00:00
182925106,Focused,G Herbo & Southside,Swervo,Rap,163480.0,0,0,2024-02-15 00:55:23+00:00,2018-05-24T07:00:00Z,,2024-02-15 00:55:22+00:00
182925110,Run the World (Girls),Beyoncé,4 (Expanded Edition),Pop,238305.0,0,0,2024-02-15 12:41:33+00:00,2011-04-21T07:00:00Z,,2024-02-15 12:41:32+00:00
182925314,Déjà-vu,Beyoncé,B'Day (Deluxe Edition),Pop,240280.0,0,0,2024-02-15 12:42:03+00:00,2006-06-24T07:00:00Z,2024-10-31 19:57:51+00:00,2024-02-15 12:42:03+00:00
182925318,Diva,Beyoncé,I AM...SASHA FIERCE,Pop,200613.0,0,0,2024-02-15 12:42:15+00:00,2008-11-12T08:00:00Z,,2024-02-15 12:42:14+00:00
182925322,Daddy Lessons (feat. The Chicks),Beyoncé,Daddy Lessons (feat. The Chicks) - Single,Pop,385413.0,0,0,2024-02-15 13:03:27+00:00,2016-11-20T08:00:00Z,,2024-02-15 13:03:26+00:00
182925334,Sorry Not Sorry,Demi Lovato,Tell Me You Love Me,Pop,203760.0,0,0,2024-02-18 23:17:38+00:00,2017-07-11T07:00:00Z,,2024-02-18 23:17:37+00:00
182925350,Every Little Step,Bobby Brown,Don't Be Cruel,Pop,237240.0,0,0,2024-02-22 16:23:10+00:00,1988-06-20T07:00:00Z,,2024-02-22 16:23:09+00:00
182925366,Just That Girl,Drew Seeley,Another Cinderella Story (Original Motion Picture Soundtrack),Soundtrack,197787.0,0,0,2024-02-27 12:43:29+00:00,2008-08-26T12:00:00Z,2024-10-25 13:09:47+00:00,2024-02-27 12:43:28+00:00
182925570,OnE-tWo,Co Cash,Dapper Don - Side A - EP,Hip-Hop/Rap,184962.0,0,0,2024-02-27 20:40:20+00:00,2019-11-15T12:00:00Z,,2024-02-27 20:40:20+00:00
182925574,"Section (feat. K Carbon, Aleza, Gloss Up, Slimeroni & Glorilla)",Hitkidd,"Set the Tone (feat. Aleza, Gloss Up, Slimeroni & Glorilla) - EP",Hip-Hop/Rap,236952.0,0,0,2024-02-27 22:38:57+00:00,2021-09-17T12:00:00Z,,2024-02-27 22:38:56+00:00
182925586,Don't Play With It (feat. Billy B),Lola Brooke,Don't Play With It (feat. Billy B) - Single,Hip-Hop/Rap,131053.0,0,0,2024-02-29 18:20:09+00:00,2021-05-14T12:00:00Z,,2024-02-29 18:20:07+00:00
182925590,Breakin Bad (Okay) [feat. Sheff G],Sleepy Hallow,DON'T SLEEP,Hip-Hop/Rap,131287.0,0,0,2024-02-29 20:54:16+00:00,2019-10-31T12:00:00Z,,2024-02-29 20:54:14+00:00
182925602,VIP *-*,Luísa Sonza & 6LACK,DOCE 22,Pop,176400.0,0,0,2024-03-05 21:14:57+00:00,2021-07-18T12:00:00Z,,2024-03-05 21:14:56+00:00
182925606,K-POP,"Travis Scott, Bad Bunny & The Weeknd",K-POP - Single,Hip-Hop/Rap,185221.0,44,3,2024-05-20 18:02:07+00:00,2023-07-18T07:00:00Z,2024-11-15 23:20:21+00:00,2024-03-08 19:25:12+00:00
182925610,Don't Tell 'Em (feat. YG),Jeremih,Late Nights: The Album,R&B/Soul,266813.0,0,0,2024-03-09 19:34:09+00:00,2014-06-06T12:00:00Z,,2024-03-09 19:34:09+00:00
182925618,rich n***a (feat. Key Glock),Toosii,Thank You For Believing,Hip-Hop/Rap,162181.0,0,0,2024-03-12 00:10:21+00:00,2021-05-07T12:00:00Z,,2024-03-12 00:10:17+00:00
182925826,No Love (feat. Nicki Minaj),August Alsina,No Love (Remix) [feat. Nicki Minaj] - Single,R&B/Soul,276080.0,0,0,2024-03-16 03:13:24+00:00,2014-08-05T12:00:00Z,,2024-03-16 03:13:24+00:00
182925830,Peaches and Cream,112,Part III,R&B/Soul,193093.0,0,0,2024-03-18 14:33:25+00:00,2001-03-20T08:00:00Z,,2024-03-18 14:33:25+00:00
182925834,Nobody's Perfect (feat. Missy Elliott),J. Cole,Cole World: The Sideline Story,Hip-Hop/Rap,190653.0,0,0,2024-03-20 19:07:23+00:00,2011-09-27T12:00:00Z,,2024-03-20 19:07:22+00:00
182925838,Cuffing Season,Eric Bellinger,Cuffing Season,R&B/Soul,168055.0,0,0,2024-03-21 12:37:36+00:00,2015-07-17T07:00:00Z,,2024-03-21 12:37:35+00:00
182925842,How Do I Breathe (Featuring Cassidy),Mario,How Do I Breathe - Single,R&B/Soul,256387.0,0,0,2024-03-22 13:23:26+00:00,2007-08-07T12:00:00Z,,2024-03-22 13:23:26+00:00
182925846,Tru,Lloyd,Tru - LP,R&B/Soul,255640.0,0,0,2024-03-22 13:40:45+00:00,2018-08-31T12:00:00Z,,2024-03-22 13:40:44+00:00
182925850,Worth It,YK Osiris,Worth It - Single,Hip-Hop/Rap,189250.0,0,0,2024-03-22 17:34:02+00:00,2019-02-08T12:00:00Z,,2024-03-22 17:34:01+00:00
182925854,Just Fine,Mary J. Blige,Growing Pains (Deluxe),R&B/Soul,242133.0,0,0,2024-03-22 19:13:15+00:00,2007-10-16T12:00:00Z,,2024-03-22 19:13:14+00:00
182925858,I Don't Mind (feat. Juicy J),USHER,I Don't Mind (feat. Juicy J) - Single,R&B/Soul,251989.0,0,0,2024-03-22 19:23:07+00:00,2014-11-21T08:00:00Z,,2024-03-22 19:22:43+00:00
182925862,Down On Me (feat. 50 Cent),Jeremih,All About You (Deluxe Edition),R&B/Soul,228453.0,0,0,2024-03-22 19:28:55+00:00,2010-09-28T12:00:00Z,,2024-03-22 19:28:54+00:00
182925870,All Eyes On You (feat. Chris Brown & Nicki Minaj),Meek Mill,Dreams Worth More Than Money,Hip-Hop/Rap,223975.0,0,0,2024-03-27 19:38:30+00:00,2015-06-26T07:00:00Z,,2024-03-27 19:38:29+00:00
182925874,Talk Dirty (feat. 2 Chainz),Jason Derulo,Talk Dirty,Pop,177685.0,0,0,2024-03-27 21:07:24+00:00,2013-08-02T07:00:00Z,,2024-03-27 21:07:23+00:00
182925878,Fergalicious (feat. will.i.am),Fergie,The Dutchess (Deluxe),Hip-Hop/Rap,292373.0,0,0,2024-03-27 21:19:50+00:00,2006-09-13T07:00:00Z,,2024-03-27 21:19:50+00:00
182926082,Come Thru,Jacquees,19,R&B/Soul,291500.0,0,0,2024-03-27 21:35:13+00:00,2014-03-25T07:00:00Z,,2024-03-27 21:35:12+00:00
182926090,Closer,Ne-Yo,Year of the Gentleman (Deluxe Edition),R&B/Soul,234360.0,0,0,2024-03-27 22:38:31+00:00,2008-04-15T07:00:00Z,,2024-03-27 22:38:30+00:00
182926094,The Party & The After Party (Original),The Weeknd,House of Balloons (Original),R&B/Soul,459660.0,0,0,2024-03-28 12:12:16+00:00,2011-03-21T12:00:00Z,,2024-03-28 12:12:10+00:00
182926098,Tattooed,Victoria Carbol,We're All Mad Here,Alternative Folk,162000.0,0,0,2024-03-28 13:16:56+00:00,2018-08-28T12:00:00Z,,2024-03-28 13:16:55+00:00
182926102,Hip Hop,August Alsina,This Thing Called Life,R&B/Soul,209306.0,0,0,2024-03-28 15:24:06+00:00,2015-04-21T12:00:00Z,,2024-03-28 15:24:06+00:00
182926110,Carry Out (Featuring Justin Timberlake),Timbaland,Shock Value II (Deluxe Version),Pop,232467.0,0,0,2024-04-04 20:01:09+00:00,2009-12-01T12:00:00Z,,2024-04-04 20:01:08+00:00
182926122,Post To Be (feat. Chris Brown & Jhene Aiko),Omarion,Sex Playlist,R&B/Soul,226581.0,0,0,2024-04-04 21:22:44+00:00,2014-11-11T08:00:00Z,,2024-04-04 21:22:43+00:00
182926126,No Air,Jordin Sparks & Chris Brown,Jordin Sparks (Deluxe Version),Pop,264373.0,19,0,2024-06-29 03:20:09+00:00,2007-11-20T08:00:00Z,2024-10-29 21:22:31+00:00,2024-04-04 21:23:29+00:00
182926130,Yeah Glo!,GloRilla,Yeah Glo! - Single,Hip-Hop/Rap,142703.0,74,3,2024-08-12 03:52:17+00:00,2024-02-08T12:00:00Z,2024-11-20 07:04:34+00:00,2024-04-05 14:17:43+00:00
182926882,Lost In the World (feat. Bon Iver),Kanye West,My Beautiful Dark Twisted Fantasy,Hip-Hop/Rap,256587.0,0,0,2024-04-05 20:15:02+00:00,2010-11-22T08:00:00Z,2024-10-26 02:46:18+00:00,2024-04-05 20:15:01+00:00
182926890,Careless Whisper,George Michael,Ladies & Gentlemen,Pop,300107.0,0,0,2024-04-06 00:15:12+00:00,1984-07-24T07:00:00Z,,2024-04-06 00:15:12+00:00
182926894,Should've Ducked (feat. Pooh Shiesty),Lil Durk,The Voice (Deluxe),Hip-Hop/Rap,192052.0,0,0,2024-04-06 04:04:16+00:00,2021-01-29T08:00:00Z,,2024-04-06 04:04:15+00:00
182926898,Take You Down,Chris Brown,Exclusive (Expanded Edition),R&B/Soul,245933.0,0,0,2024-04-08 18:32:08+00:00,2007-11-06T08:00:00Z,,2024-04-08 18:32:07+00:00
182926902,Too Grown,Tamia,Between Friends,R&B/Soul,235480.0,0,0,2024-04-09 23:48:40+00:00,2006-05-12T07:00:00Z,,2024-04-09 23:48:39+00:00
182927106,HIM,Co Cash & Yo Gotti,"HIM, Not Them",Hip-Hop/Rap,203077.0,0,0,2024-04-12 14:51:28+00:00,2021-09-24T12:00:00Z,,2024-04-12 14:51:26+00:00
182927110,Fetty Wap,Goldenboy Countup,Chicken Man,Hip-Hop/Rap,124547.0,0,0,2024-04-12 15:08:44+00:00,2021-05-21T12:00:00Z,,2024-04-12 15:08:43+00:00
182927114,Goldie,A$AP Rocky,LONG.LIVE.A$AP (Deluxe Edition),Hip-Hop/Rap,192067.0,0,0,2024-04-12 16:30:05+00:00,2012-04-27T12:00:00Z,,2024-04-12 16:30:04+00:00
182927118,Fancy (feat. T.I. & Swizz Beatz),Drake,Thank Me Later,Hip-Hop/Rap,319387.0,0,0,2024-04-12 17:11:26+00:00,2010-06-15T07:00:00Z,,2024-04-12 17:11:25+00:00
182927122,Work Out,J. Cole,Cole World: The Sideline Story,R&B/Soul,235320.0,0,0,2024-04-12 19:08:29+00:00,2011-06-15T12:00:00Z,,2024-04-12 19:08:18+00:00
182927126,Swimming Pools (Drank),Kendrick Lamar,"good kid, m.A.A.d city (Deluxe)",Hip-Hop/Rap,247960.0,0,0,2024-04-12 19:22:43+00:00,2012-07-31T12:00:00Z,,2024-04-12 19:22:42+00:00
182927130,"Confessions, Pt. II (Confessions Special Edition Version)",USHER,Confessions (Expanded Edition),R&B/Soul,211200.0,0,0,2024-04-15 15:02:52+00:00,2004-03-23T08:00:00Z,,2024-04-15 15:02:51+00:00
182927138,Excuse Me Mama,Mishon,Excuse Me Mama - Single,R&B/Soul,205933.0,0,0,2024-04-16 13:59:17+00:00,2008-01-01T12:00:00Z,,2024-04-16 13:59:16+00:00
182927142,Street Love,Lloyd,Street Love,R&B/Soul,295440.0,0,0,2024-04-16 19:21:13+00:00,2007-03-13T12:00:00Z,,2024-04-16 19:21:12+00:00
182927146,LONDON,BIA & J. Cole,REALLY HER (INTL DELUXE),Rap,250723.0,0,0,2024-04-16 20:09:35+00:00,2022-04-08T12:00:00Z,,2024-04-16 20:09:34+00:00
182927150,Headshot,"Lil Tjay, Polo G & Fivio Foreign",Destined 2 Win,Hip-Hop/Rap,144349.0,0,0,2024-04-16 20:13:06+00:00,2021-03-19T07:00:00Z,,2024-04-16 20:13:06+00:00
182927154,I'm Goin In (feat. Lil Wayne & Young Jeezy),Drake,I'm Goin In (feat. Lil Wayne & Young Jeezy) - Single,Hip-Hop/Rap,225307.0,0,0,2024-04-16 20:43:23+00:00,2009-09-15T12:00:00Z,,2024-04-16 20:43:22+00:00
182927158,Get Up (feat. Chamillionaire),Ciara,The Evolution (Bonus Track Edition),R&B/Soul,261880.0,0,0,2024-04-18 23:12:03+00:00,2006-07-25T07:00:00Z,,2024-04-18 23:12:03+00:00
182927362,Take It Low,Lloyd,Southside,Hip-Hop/Rap,268573.0,0,0,2024-04-19 20:08:51+00:00,2004-07-20T12:00:00Z,,2024-04-19 20:08:50+00:00
182927370,Four Door Aventador,Nicki Minaj,The Pinkprint (Bonus Tracks),Hip-Hop/Rap,182658.0,0,0,2024-04-20 03:18:27+00:00,2014-12-12T12:00:00Z,,2024-04-20 03:18:26+00:00
182927374,She Knows (feat. Juicy J),Ne-Yo,Non-Fiction (Deluxe),R&B/Soul,214726.0,0,0,2024-04-25 18:56:16+00:00,2014-09-16T12:00:00Z,,2024-04-25 18:56:15+00:00
182927378,Hey Daddy (Daddy's Home) [feat. Plies],USHER,Hey Daddy (Daddy's Home) [feat. Plies] - Single,R&B/Soul,256293.0,0,0,2024-04-25 19:08:20+00:00,2009-12-08T12:00:00Z,,2024-04-25 19:08:19+00:00
182927382,Baby Come To Me,Regina Belle,Stay With Me,R&B/Soul,342160.0,0,0,2024-04-25 19:38:15+00:00,1989-08-22T07:00:00Z,,2024-04-25 19:38:15+00:00
182927386,Killing Me Softly With His Song,Fugees,The Score (Expanded Edition),R&B/Soul,298667.0,0,0,2024-04-26 03:22:23+00:00,1996-02-13T08:00:00Z,,2024-04-26 03:22:23+00:00
182927390,Novacane,Frank Ocean,Novacane - Single,Alternative,302347.0,56,2,2024-05-17 20:07:55+00:00,2011-02-16T12:00:00Z,2024-11-29 18:43:53+00:00,2024-04-26 03:41:29+00:00
182927394,Classic Man (feat. Roman GianArthur),Jidenna,Wondaland Presents: The Eephus - EP,Hip-Hop/Rap,222925.0,0,0,2024-04-26 15:49:34+00:00,2015-02-03T12:00:00Z,,2024-04-26 15:49:33+00:00
182927402,Holy Grail (feat. Justin Timberlake),JAY-Z,Magna Carta... Holy Grail,Hip-Hop/Rap,338370.0,0,0,2024-04-29 13:57:05+00:00,2013-07-04T07:00:00Z,,2024-04-29 13:57:05+00:00
182927410,Girl's Around the World (feat. Lil Wayne) [Radio Version],Lloyd,Lessons In Love,R&B/Soul,229800.0,0,0,2024-04-30 15:24:18+00:00,2008-05-12T12:00:00Z,,2024-04-30 15:24:17+00:00
182927414,Dedication to My Ex (Miss That) [feat. Andre 3000 & Lil Wayne],Lloyd,King of Hearts (Deluxe Version),R&B/Soul,236147.0,0,0,2024-04-30 17:17:23+00:00,2011-07-05T12:00:00Z,,2024-04-30 17:17:22+00:00
182927618,Goodies (feat. Petey Pablo),Ciara,Goodies,R&B/Soul,223000.0,0,0,2024-04-30 20:02:21+00:00,2004-06-08T07:00:00Z,,2024-04-30 20:02:20+00:00
182927622,About You,Trey Songz,Trigga Reloaded,R&B/Soul,196900.0,0,0,2024-04-30 20:34:14+00:00,2015-05-18T07:00:00Z,,2024-04-30 20:34:13+00:00
182927626,Bang Bang,"Jessie J, Ariana Grande & Nicki Minaj",Bang Bang - Single,Pop,199377.0,0,0,2024-05-02 19:58:45+00:00,2014-07-28T12:00:00Z,,2024-06-09 14:14:08+00:00
182927630,Now That We're Done,112,112,R&B/Soul,309507.0,0,0,2024-05-03 19:20:08+00:00,1996-08-27T12:00:00Z,,2024-05-03 19:20:07+00:00
182927634,DJ Got Us Fallin' in Love (feat. Pitbull),USHER,Raymond v Raymond (Expanded Edition),R&B/Soul,220800.0,0,0,2024-05-06 12:17:07+00:00,2010-07-12T07:00:00Z,,2024-05-06 12:17:04+00:00
182927638,No Church in the Wild (feat. Frank Ocean & The-Dream),JAY-Z & Kanye West,Watch the Throne,Hip-Hop/Rap,272509.0,0,0,2024-05-06 19:10:23+00:00,2011-08-08T07:00:00Z,,2024-05-06 19:10:22+00:00
182927650,Cashday Freestyle Pt. II (feat. Tay Keith),Co Cash,"HIM, Not Them",Hip-Hop/Rap,185399.0,0,0,2024-05-07 20:01:34+00:00,2021-09-24T12:00:00Z,,2024-05-07 20:01:32+00:00
182927654,"Do You Mind (feat. Nicki Minaj, Chris Brown, August Alsina, Jeremih, Future & Rick Ross)",DJ Khaled,Major Key,Hip-Hop/Rap,325615.0,0,0,2024-05-08 14:14:54+00:00,2016-07-29T07:00:00Z,,2024-05-08 14:14:53+00:00
182927658,"Only (feat. Drake, Lil Wayne & Chris Brown)",Nicki Minaj,The Pinkprint (Bonus Tracks),Hip-Hop/Rap,312035.0,0,0,2024-05-08 14:17:48+00:00,2014-10-28T12:00:00Z,,2024-05-08 14:17:47+00:00
182927670,Until The End Of Time (with Beyoncé),Justin Timberlake,FutureSex/LoveSounds (Deluxe Edition),Pop,322093.0,0,0,2024-05-12 01:19:10+00:00,2007-11-26T08:00:00Z,,2024-05-12 01:19:09+00:00
182927890,Right Hand Man,"Christopher Jackson, Lin-Manuel Miranda, Leslie Odom, Jr. & Original Broadway Cast of ""Hamilton""",Hamilton: An American Musical (Original Broadway Cast Recording),Musicals,321697.0,53,1,2024-05-14 12:55:32+00:00,2015-09-25T07:00:00Z,2024-11-16 08:00:17+00:00,2024-05-15 14:40:32+00:00
182928394,You,Jacquees,4275 (Bonus Version),Hip-Hop/Rap,217364.0,0,0,2024-05-15 17:17:40+00:00,2018-03-30T07:00:00Z,,2024-05-15 17:17:39+00:00
182928402,Leave You Alone (feat. Ne-Yo),Jeezy,TM:103 Hustlerz Ambition (Deluxe Version),Hip-Hop/Rap,329187.0,0,0,2024-05-15 20:58:50+00:00,2011-12-20T12:00:00Z,,2024-05-15 20:58:49+00:00
182928406,If I Ruled the World (Imagine That) [feat. Lauryn Hill],Nas,It Was Written,Hip-Hop/Rap,282373.0,0,0,2024-05-17 19:18:16+00:00,1996-06-04T07:00:00Z,,2024-05-17 19:18:15+00:00
182928418,I Remember,Keyshia Cole,Just Like You,R&B/Soul,260093.0,0,0,2024-05-24 20:39:46+00:00,2007-09-25T12:00:00Z,,2024-05-24 20:39:45+00:00
182928422,Soul Survivor (feat. Akon),Jeezy,Let's Get It: Thug Motivation 101,Hip-Hop/Rap,280013.0,0,0,2024-05-25 00:23:54+00:00,2005-07-16T12:00:00Z,,2024-05-25 00:23:51+00:00
182928430,Loveeeeeee Song (feat. Future),Rihanna,Unapologetic (Deluxe Version),Pop,256320.0,0,0,2024-05-27 23:45:32+00:00,2012-11-19T12:00:00Z,,2024-05-27 23:45:32+00:00
182928434,6 Inch (feat. The Weeknd),Beyoncé,Lemonade,Pop,260440.0,0,0,2024-05-28 00:48:12+00:00,2016-04-23T07:00:00Z,2024-10-18 11:38:52+00:00,2024-05-28 00:48:11+00:00
182928438,Kissin' On My Tattoos,August Alsina,Testimony (Deluxe Edition),R&B/Soul,251872.0,0,0,2024-05-30 11:47:57+00:00,2014-04-01T12:00:00Z,,2024-05-30 11:47:56+00:00
182928642,Green Light,Lil Durk,Love Songs 4 the Streets 2,Hip-Hop/Rap,142982.0,0,0,2024-05-31 20:45:57+00:00,2019-07-26T12:00:00Z,,2024-05-31 20:45:56+00:00
182928646,Leave Em Alone (feat. City Girls & PnB Rock),"Quality Control, Layton Greene & Lil Baby",Leave Em Alone (feat. City Girls & PnB Rock) - Single,R&B/Soul,171980.0,0,0,2024-06-01 03:39:39+00:00,2019-05-29T07:00:00Z,,2024-06-01 03:39:38+00:00
182928650,IT'S GETTING HOT,NLE Choppa,Cottonwood 2: Deluxe 2.0,Hip-Hop/Rap,134425.0,0,0,2024-06-02 03:03:29+00:00,2023-07-26T12:00:00Z,,2024-06-02 03:03:28+00:00
182928654,Scoob,WNC WhopBezzy,Scoob - Single,Hip-Hop/Rap,102261.0,0,0,2024-06-03 19:26:08+00:00,2023-11-04T12:00:00Z,,2024-06-03 19:38:33+00:00
182928658,Poke It Out (feat. J. Cole),Wale,Folarin II,Hip-Hop/Rap,183333.0,0,0,2024-06-08 20:46:57+00:00,2021-10-01T12:00:00Z,,2024-06-08 20:46:56+00:00
182928662,Kinda Lovin,Trey Songz,I Gotta Make It,R&B/Soul,219107.0,0,0,2024-06-09 22:51:32+00:00,2005-07-26T07:00:00Z,,2024-06-09 22:51:31+00:00
182928666,soak city (feat. OhGeesy & BlueBucksClan),"310babii, Blueface & Tyga",soak city (feat. OhGeesy & BlueBucksClan) - Single,Hip-Hop/Rap,244855.0,0,0,2024-06-14 23:30:02+00:00,2023-09-08T12:00:00Z,,2024-06-14 23:30:01+00:00
182928670,Big Boy (feat. Starrah),Normani,DOPAMINE,Pop,173087.0,0,0,2024-06-15 18:07:20+00:00,2024-06-14T12:00:00Z,,2024-06-15 18:07:20+00:00
182928674,Strange Girl,Halestorm,Back From the Dead (Deluxe),Rock,222010.0,0,0,2024-06-19 04:32:57+00:00,2022-05-06T12:00:00Z,,2024-07-01 21:07:44+00:00
182928678,So Sick,Ne-Yo,In My Own Words,R&B/Soul,207187.0,0,0,2024-06-22 00:50:39+00:00,2005-11-21T12:00:00Z,,2024-06-22 00:50:38+00:00
182928682,Secret Admirer,Pitbull,Secret Admirer (feat. Lloyd) - Single,Hip-Hop/Rap,198173.0,0,0,2024-06-24 23:00:51+00:00,2007-11-27T12:00:00Z,,2024-06-24 23:00:51+00:00
182928686,Barbie Dreams,Nicki Minaj,Queen (Bonus Version),Hip-Hop/Rap,279867.0,0,0,2024-06-25 01:50:00+00:00,2018-08-10T12:00:00Z,,2024-06-25 01:50:00+00:00
182928694,Just Kickin' It,Xscape,Hummin' Comin' at 'Cha,R&B/Soul,204173.0,0,0,2024-06-27 21:58:23+00:00,1993-08-17T07:00:00Z,,2024-06-27 21:58:22+00:00
182928902,Trouble (feat. J. Cole),Maejor,Trouble (feat. J. Cole) - Single,R&B/Soul,213813.0,0,0,2024-06-27 22:51:45+00:00,2011-08-12T12:00:00Z,,2024-06-27 22:51:44+00:00
182929154,Call Out My Name,The Weeknd,The Highlights (Deluxe),R&B/Soul,228382.0,35,0,2024-06-29 02:42:58+00:00,2018-03-30T07:00:00Z,2024-11-20 15:42:05+00:00,2024-07-08 04:41:10+00:00
182929450,"Or Nah (feat. The Weeknd, Wiz Khalifa and DJ Mustard) [Remix]",Ty Dolla $ign,"Or Nah (feat. The Weeknd, Wiz Khalifa and DJ Mustard) [Remix] - Single",Hip-Hop,242983.0,0,0,2024-06-29 02:47:32+00:00,2014-06-10T07:00:00Z,,2024-06-29 02:47:31+00:00
182929454,Lights Down Low (feat. Waka Flocka Flame),Maejor,Lights Down Low (feat. Waka Flocka Flame) - Single,R&B/Soul,186120.0,0,0,2024-07-01 18:53:14+00:00,2012-03-23T07:00:00Z,,2024-07-01 18:53:13+00:00
182929462,Mona Lisa (feat. Kendrick Lamar),Lil Wayne,Tha Carter V (Deluxe),Hip-Hop/Rap,324189.0,48,2,2024-08-10 01:39:36+00:00,2018-09-28T07:00:00Z,2024-11-27 23:15:34+00:00,2024-07-07 23:47:31+00:00
182929666,Make Me Proud (feat. Nicki Minaj),Drake,Take Care (Deluxe Version),Hip-Hop/Rap,219880.0,0,0,2024-07-08 03:31:20+00:00,2011-10-16T07:00:00Z,,2024-07-08 03:31:20+00:00
182929670,Feels So Right,Lloyd,Southside,R&B/Soul,289507.0,0,0,2024-07-08 03:34:32+00:00,2004-07-20T12:00:00Z,,2024-07-08 03:34:32+00:00
182929674,B*tch from Da Souf,Latto,B*tch from Da Souf - Single,Hip-Hop/Rap,144048.0,0,0,2024-07-08 16:02:25+00:00,2019-01-14T12:00:00Z,,2024-07-08 16:02:24+00:00
182929682,End of the Road,Boyz II Men,CooleyHighHarmony,R&B/Soul,351467.0,33,2,2024-08-28 03:42:47+00:00,1991-02-14T12:00:00Z,2024-11-15 20:12:56+00:00,2024-08-28 03:42:43+00:00
182929686,Lazy Love,Ne-Yo,Lazy Love - Single,R&B/Soul,197572.0,0,0,2024-07-18 03:16:40+00:00,2012-06-12T12:00:00Z,,2024-07-18 03:16:39+00:00
182929958,Beautiful Liar,Shakira & Beyoncé,B'Day (Deluxe Edition),Pop,199829.0,0,0,2024-07-23 04:07:02+00:00,2007-02-12T08:00:00Z,,2024-07-23 04:07:02+00:00
182929962,Dirty Diana,Michael Jackson,The Essential Michael Jackson,Pop,282596.0,0,0,2024-07-23 08:20:37+00:00,1987-08-31T07:00:00Z,,2024-10-03 20:02:29+00:00
182929970,Tonight (Best You Ever Had) [feat. Ludacris],John Legend,Think Like a Man (Music from & Inspired By the Film),Soundtrack,239453.0,0,0,2024-07-29 04:34:54+00:00,2012-01-31T08:00:00Z,,2024-07-29 04:34:54+00:00
182929974,Kiss Land,The Weeknd,Kiss Land,R&B/Soul,455320.0,44,0,2024-09-10 15:05:15+00:00,2013-05-17T12:00:00Z,2024-11-27 03:36:08+00:00,2024-08-03 08:06:30+00:00
182930178,God In Me (feat. Kierra 'Kiki' Sheard),Mary Mary,The Sound,Christian,190360.0,0,0,2024-08-03 08:08:06+00:00,2008-01-01T08:00:00Z,,2024-08-03 08:08:06+00:00
182930186,Bow Down (Homecoming Live),Beyoncé,HOMECOMING: THE LIVE ALBUM,Pop,87887.0,0,0,2024-08-03 08:08:14+00:00,2019-04-17T12:00:00Z,,2024-08-03 08:08:13+00:00
182930190,Perfect Duet (with Beyoncé),Ed Sheeran,Perfect Duet (with Beyoncé) - Single,Pop,259550.0,0,0,2024-08-03 08:08:20+00:00,2017-11-30T12:00:00Z,,2024-08-03 08:08:18+00:00
182930194,I Don't Care,Ed Sheeran & Justin Bieber,No.6 Collaborations Project,Pop,219947.0,0,0,2024-08-03 08:08:21+00:00,2019-05-10T07:00:00Z,,2024-08-03 08:08:19+00:00
182930198,Let It Go,James Bay,Chaos and the Calm,Alternative,262987.0,0,0,2024-08-03 08:08:26+00:00,2014-05-03T12:00:00Z,,2024-08-03 08:08:26+00:00
182930202,Animals,Maroon 5,V (Deluxe),Pop,231079.0,0,0,2024-08-03 08:08:31+00:00,2014-08-22T12:00:00Z,,2024-08-03 08:08:29+00:00
182930206,Love,Keyshia Cole,The Way It Is,R&B/Soul,255333.0,0,0,2024-08-03 08:08:36+00:00,2005-06-21T07:00:00Z,,2024-08-04 09:40:04+00:00
182930210,Lose My Breath,Destiny's Child,Destiny Fulfilled,Pop,242013.0,0,0,2024-08-03 08:08:37+00:00,2004-09-21T07:00:00Z,,2024-08-03 08:08:36+00:00
182930214,JT Coming,JT,City Cinderella,Hip-Hop/Rap,107789.0,0,0,2024-08-03 08:09:33+00:00,2024-07-19T12:00:00Z,,2024-08-03 08:08:39+00:00
182930218,Heaven Can Wait,Michael Jackson,Invincible,Pop,289680.0,0,0,2024-08-05 23:53:07+00:00,2001-10-30T08:00:00Z,,2024-08-05 23:53:06+00:00
182930226,Selfish (I Want U 2 Myself) [feat. Missy Elliott],Fantasia,Free Yourself,R&B/Soul,204813.0,0,0,2024-08-07 01:06:36+00:00,2004-11-23T08:00:00Z,,2024-08-07 01:06:35+00:00
182930230,meet the grahams,Kendrick Lamar,meet the grahams - Single,Hip-Hop/Rap,392139.0,0,0,2024-08-10 12:18:16+00:00,2024-05-03T12:00:00Z,,2024-08-10 12:18:16+00:00
182930438,Trust Issues,Drake,Care Package,Hip-Hop/Rap,281519.0,0,0,2024-08-11 16:06:21+00:00,2011-06-21T07:00:00Z,,2024-08-11 16:06:21+00:00
182930442,God's Favorite,Polo G,HOOD POET,Rap,132774.0,0,0,2024-08-11 23:37:26+00:00,2024-08-09T07:00:00Z,,2024-08-11 23:37:25+00:00
182930446,Not Like Us,Kendrick Lamar,Not Like Us - Single,Hip-Hop/Rap,274192.0,0,0,2024-08-12 11:56:36+00:00,2024-05-04T12:00:00Z,,2024-08-12 11:56:35+00:00
182930458,Die With A Smile,Lady Gaga & Bruno Mars,Die With A Smile - Single,Pop,251668.0,0,0,2024-08-16 12:52:24+00:00,2024-08-16T12:00:00Z,,2024-08-16 12:52:22+00:00
182930462,Partition,Beyoncé,BEYONCÉ (Platinum Edition),Pop,319467.0,0,0,2024-08-16 20:06:04+00:00,2013-12-13T12:00:00Z,,2024-08-16 20:06:03+00:00
182930466,Like I'm Gonna Lose You (feat. John Legend),Meghan Trainor,Title (Deluxe Edition),Pop,225635.0,0,0,2024-08-17 03:32:34+00:00,2015-01-09T08:00:00Z,,2024-08-17 03:32:33+00:00
182930470,Remember the Time,Michael Jackson,Dangerous,Pop,240134.0,0,0,2024-08-19 12:34:48+00:00,1991-11-26T08:00:00Z,,2024-08-19 12:34:46+00:00
182930474,On Yo Ass,King Von & G Herbo,Levon James,Hip-Hop/Rap,157759.0,0,0,2024-08-19 15:01:53+00:00,2020-03-06T12:00:00Z,,2024-08-19 15:01:51+00:00
182930478,"I'm On One (feat. Drake, Rick Ross & Lil Wayne)",DJ Khaled,We the Best Forever (Bonus Version),Hip-Hop/Rap,296160.0,0,0,2024-08-19 18:45:04+00:00,2011-05-20T12:00:00Z,,2024-08-19 18:45:03+00:00
182930482,Finesse,Bruno Mars,24K Magic,Pop,190998.0,0,0,2024-08-20 00:41:08+00:00,2016-11-18T08:00:00Z,,2024-08-20 00:41:07+00:00
182930486,U Remind Me,USHER,8701,R&B/Soul,266893.0,0,0,2024-08-20 12:11:27+00:00,2001-05-22T07:00:00Z,,2024-08-20 12:11:27+00:00
182930694,All of Me,John Legend,Love in the Future (Expanded Edition),R&B/Soul,269557.0,0,0,2024-08-20 19:49:12+00:00,2013-08-12T07:00:00Z,,2024-11-18 05:54:33+00:00
182930706,Talking to the Moon,Bruno Mars,Doo-Wops & Hooligans (Deluxe),Pop,217867.0,0,0,2024-08-20 19:50:39+00:00,2010-10-04T07:00:00Z,,2024-11-18 05:54:36+00:00
182930714,All the Things (Your Man Won't Do),Joe,All That I Am,R&B/Soul,380533.0,0,0,2024-08-22 15:01:56+00:00,1996-01-09T08:00:00Z,,2024-08-22 15:01:55+00:00
182930718,ATTITUDE! (feat. StarrZ),Deetranada,DEEvsEVERYBODY!,Hip-Hop/Rap,174602.0,0,0,2024-08-22 21:02:56+00:00,2019-09-27T12:00:00Z,,2024-08-22 21:02:55+00:00
182930726,Worth It (feat. Kid Ink),Fifth Harmony,Reflection (Deluxe),Pop,224573.0,0,0,2024-08-27 19:58:25+00:00,2015-01-30T08:00:00Z,,2024-08-27 19:58:24+00:00
182930730,Push It Baby,Pretty Ricky,Late Night Special (Deluxe Version),Hip-Hop/Rap,206227.0,0,0,2024-08-29 01:46:29+00:00,2007-01-22T12:00:00Z,,2024-08-29 01:46:29+00:00
182930734,Lovers and Friends,Lil Jon & The East Side Boyz,Crunk Juice,Hip-Hop/Rap,260600.0,0,0,2024-08-29 01:50:59+00:00,2004-11-16T08:00:00Z,,2024-11-28 02:22:23+00:00
182930738,Preach,Young Dolph,High Class Street Music 4: American Gangster,Hip-Hop/Rap,202632.0,29,1,2024-09-21 01:22:37+00:00,2014-07-08T07:00:00Z,2024-11-25 00:35:03+00:00,2024-09-03 10:49:54+00:00
182930946,Higher,Shawn Mendes,Wonder (Deluxe),Pop,160144.0,0,0,2024-09-05 19:56:17+00:00,2020-12-04T08:00:00Z,,2024-09-05 19:56:16+00:00
182930950,Officially Missing You,Tamia,More,R&B/Soul,242467.0,0,0,2024-09-07 15:29:26+00:00,2004-04-06T07:00:00Z,,2024-09-07 15:29:25+00:00
182930954,Earned It (Fifty Shades of Grey),The Weeknd,Beauty Behind the Madness,R&B/Soul,277724.0,0,0,2024-09-09 18:43:04+00:00,2014-12-23T12:00:00Z,,2024-09-09 18:42:57+00:00
182930958,Professional,The Weeknd,Kiss Land,R&B/Soul,368720.0,26,1,2024-09-10 15:05:12+00:00,2013-09-10T12:00:00Z,2024-11-20 15:15:57+00:00,2024-09-10 12:13:04+00:00
182930962,Love In The Sky,The Weeknd,Kiss Land,R&B/Soul,267920.0,32,0,2024-09-10 15:05:08+00:00,2013-07-30T12:00:00Z,2024-11-27 18:03:34+00:00,2024-09-10 12:14:41+00:00
182930966,Pretty,The Weeknd,Kiss Land,R&B/Soul,375413.0,25,0,2024-09-10 15:05:04+00:00,2013-09-10T12:00:00Z,2024-11-27 03:06:44+00:00,2024-11-19 20:51:18+00:00
182930970,Friends,Chase Atlantic,Nostalgia - EP,Alternative,230011.0,0,0,2024-09-10 19:46:47+00:00,2015-02-21T12:00:00Z,,2024-09-10 19:46:46+00:00
182930982,Pretty Little Fears (feat. J. Cole),6LACK,East Atlanta Love Letter,R&B/Soul,240342.0,0,0,2024-09-12 00:49:27+00:00,2018-09-14T12:00:00Z,,2024-09-12 00:49:26+00:00
182930986,Seduction,USHER,Confessions (Expanded Edition),R&B/Soul,273760.0,0,0,2024-09-12 01:21:09+00:00,2004-03-23T08:00:00Z,,2024-09-12 01:21:08+00:00
182930990,Hey Young Girl,Lloyd,Southside,R&B/Soul,237200.0,0,0,2024-09-12 05:04:31+00:00,2004-07-20T12:00:00Z,,2024-09-12 05:04:31+00:00
182930994,Don't Judge Me,Chris Brown,Fortune (Expanded Edition),R&B/Soul,240173.0,0,0,2024-09-12 21:01:19+00:00,2012-06-29T07:00:00Z,,2024-09-12 21:01:18+00:00
182930998,"The Birds, Pt. 2 (Original)",The Weeknd,Thursday (Original),R&B/Soul,350584.0,0,0,2024-09-12 21:04:40+00:00,2011-08-18T12:00:00Z,,2024-09-12 21:04:39+00:00
182931206,I'm Not The Only One,Sam Smith,In The Lonely Hour (10th Anniversary Edition / Deluxe),Pop,239307.0,0,0,2024-09-12 21:36:34+00:00,2014-05-26T12:00:00Z,,2024-09-12 21:36:32+00:00
182931210,Suck It Up,Monaleo,Suck It Up - Single,Rap,181225.0,0,0,2024-09-12 21:57:52+00:00,2021-08-11T12:00:00Z,,2024-09-12 21:57:51+00:00
182931214,All Night Long (feat. Lil Kev),thủy,All Night Long (feat. Lil Kev) - Single,R&B/Soul,214800.0,0,0,2024-09-12 22:01:41+00:00,2017-02-11T12:00:00Z,,2024-09-12 22:01:41+00:00
182931218,Truffle Butter (feat. Drake & Lil Wayne),Nicki Minaj,The Pinkprint (Deluxe Edition),Hip-Hop/Rap,220467.0,0,0,2024-09-12 22:25:47+00:00,2014-12-12T12:00:00Z,,2024-09-12 22:25:46+00:00
182931226,Shabooya (feat. Slimeroni & Aleza),"Hitkidd, Gloss Up & K Carbon",Renegade,Hip-Hop/Rap,178733.0,0,0,2024-09-12 23:46:58+00:00,2022-09-30T12:00:00Z,,2024-09-12 23:46:58+00:00
182931230,Look Back at It,A Boogie wit da Hoodie,Hoodie SZN,Hip-Hop/Rap,179450.0,0,0,2024-09-17 01:10:46+00:00,2018-12-07T08:00:00Z,,2024-09-17 01:10:46+00:00
182931234,Since You've Been Gone,Day26,DAY26 (Bonus Track Version),R&B/Soul,250880.0,0,0,2024-09-17 01:18:09+00:00,2008-03-25T12:00:00Z,,2024-09-17 01:18:08+00:00
182931238,Say It,Ne-Yo,Because of You,R&B/Soul,281293.0,0,0,2024-09-17 01:44:03+00:00,2007-04-25T12:00:00Z,,2024-09-17 01:44:03+00:00
182931242,Monster,Shawn Mendes & Justin Bieber,Wonder (Deluxe),Pop,178994.0,0,0,2024-09-17 01:52:04+00:00,2020-11-20T08:00:00Z,,2024-09-17 01:52:03+00:00
182931246,DOGTOOTH,"Tyler, The Creator",CALL ME IF YOU GET LOST: The Estate Sale,Rap,161041.0,0,0,2024-09-17 02:09:08+00:00,2023-03-27T07:00:00Z,,2024-09-17 02:09:08+00:00
182931250,Daddy (feat. Naughty Boy),Emeli Sandé,Our Version of Events (Deluxe Edition),Pop,188440.0,18,0,2024-09-21 01:20:11+00:00,2011-11-27T12:00:00Z,2024-11-07 12:06:06+00:00,2024-09-17 11:17:46+00:00
182931254,Love Lost,Trey Songz,Ready (Deluxe Version),R&B/Soul,223920.0,0,0,2024-09-17 12:12:05+00:00,2009-08-31T07:00:00Z,,2024-09-17 12:12:04+00:00
182931462,Player's Prayer,Lloyd,Street Love,R&B/Soul,251120.0,9,0,2024-09-21 01:19:52+00:00,2007-03-13T12:00:00Z,2024-11-18 16:37:28+00:00,2024-09-17 15:58:56+00:00
182931478,The Lady in My Life,Michael Jackson,Thriller,Pop,298251.0,0,0,2024-09-23 21:17:00+00:00,1982-11-29T08:00:00Z,,2024-09-23 21:16:59+00:00
182931486,Ring the Alarm,Beyoncé,B'Day (Deluxe Edition),Pop,203287.0,0,0,2024-09-25 20:00:55+00:00,2006-09-04T07:00:00Z,,2024-09-25 20:00:55+00:00
182931490,Johnny P's Caddy,Benny the Butcher & J. Cole,Johnny P's Caddy - Single,Hip-Hop/Rap,225000.0,0,0,2024-09-26 20:34:52+00:00,2022-01-28T12:00:00Z,,2024-09-26 20:34:51+00:00
182931494,Twenty Eight,The Weeknd,Trilogy,R&B/Soul,258294.0,0,0,2024-11-28 16:14:49+00:00,2012-11-13T12:00:00Z,,2024-09-27 09:10:30+00:00
182931498,Chicago,Michael Jackson,XSCAPE (Deluxe),Pop,245443.0,0,0,2024-09-28 14:46:53+00:00,2014-05-13T07:00:00Z,,2024-09-28 14:46:53+00:00
182931502,Shape of You,Ed Sheeran,÷ (Deluxe),Pop,233713.0,0,0,2024-09-28 16:12:43+00:00,2017-01-06T08:00:00Z,,2024-09-28 16:12:42+00:00
182931506,Gang Shit No Lame Shit,Key Glock,Glockoma,Hip-Hop/Rap,131600.0,0,0,2024-09-28 16:29:13+00:00,2018-11-23T12:00:00Z,,2024-09-28 16:29:12+00:00
182931510,Under the Sun (feat. DaBaby),"Dreamville, J. Cole & Lute",Revenge of the Dreamers III,Hip-Hop/Rap,202040.0,0,0,2024-09-28 23:07:20+00:00,2019-07-05T07:00:00Z,,2024-09-28 23:07:19+00:00
182931714,P.I.M.P.,50 Cent,Get Rich or Die Tryin' (Bonus Track Version),Hip-Hop/Rap,249467.0,0,0,2024-09-28 23:13:59+00:00,2003-02-06T08:00:00Z,,2024-09-28 23:13:58+00:00
182931718,Don't Like.1,"Kanye West, Chief Keef, Pusha T, Big Sean & Jadakiss",Kanye West Presents: Good Music - Cruel Summer,Hip-Hop/Rap,283653.0,0,0,2024-09-28 23:30:55+00:00,2012-09-14T12:00:00Z,,2024-09-28 23:30:54+00:00
182931722,Cupid,112,112,R&B/Soul,252267.0,0,0,2024-09-29 00:02:29+00:00,1998-11-01T08:00:00Z,,2024-09-29 00:02:29+00:00
182931726,late at night,Roddy Ricch,LIVE LIFE FAST,Hip-Hop/Rap,174549.0,0,0,2024-09-29 20:08:24+00:00,2021-06-04T07:00:00Z,,2024-09-29 20:08:23+00:00
182931730,JOY (Unspeakable) [feat. Pharrell Williams],Voices of Fire,JOY (Unspeakable) [feat. Pharrell Williams] - Single,Christian,312070.0,0,0,2024-09-29 21:43:59+00:00,2023-06-16T12:00:00Z,,2024-09-29 21:43:59+00:00
182931734,"Honey, I'm Good.",Andy Grammer,Magazines Or Novels (Deluxe Edition),Pop,199263.0,0,0,2024-09-30 22:32:15+00:00,2014-08-05T12:00:00Z,,2024-09-30 22:32:14+00:00
182931738,Boyfriend #2,Pleasure P,The Introduction of Marcus Cooper,R&B/Soul,188813.0,0,0,2024-10-01 11:53:16+00:00,2008-12-02T08:00:00Z,,2024-10-01 11:53:15+00:00
182931742,New Storm,Montana of 300 & Talley Of 300,Gunz n Roses,Hip-Hop/Rap,193939.0,0,0,2024-10-02 11:47:09+00:00,2015-12-02T12:00:00Z,,2024-10-02 11:47:08+00:00
182931746,Independent (feat. Boosie Badazz & Lil Phat),Webbie,Savage Life 2,Hip-Hop/Rap,250027.0,0,0,2024-10-02 19:22:24+00:00,2008-02-26T12:00:00Z,,2024-10-02 19:22:23+00:00
182931750,GYALIS,Capella Grey,GYALIS - Single,R&B/Soul,105377.0,0,0,2024-10-02 19:29:44+00:00,2021-01-04T12:00:00Z,,2024-10-02 19:29:44+00:00
182931754,Heartache,From Ashes to New,Heartache - Single,Hard Rock,225907.0,0,0,2024-10-03 23:21:49+00:00,2022-06-17T12:00:00Z,,2024-10-03 23:21:48+00:00
182931762,Dark Horse (feat. Juicy J),Katy Perry,PRISM (Deluxe Version),Pop,215672.0,0,0,2024-10-05 00:08:14+00:00,2013-10-18T07:00:00Z,,2024-10-05 00:08:13+00:00
182931970,Don't Leave Me,Blackstreet,20th Century Masters - The Millennium Collection: The Best of Blackstreet,R&B/Soul,311640.0,0,0,2024-10-07 18:33:46+00:00,1996-09-09T12:00:00Z,,2024-10-07 18:33:45+00:00
182931974,Bahm Bahm (Do It Once Again) / I Want You,Keri Hilson,No Boys Allowed (Deluxe),R&B/Soul,287600.0,0,0,2024-10-11 18:04:02+00:00,2010-12-17T12:00:00Z,,2024-10-11 18:04:02+00:00
182931982,Fulltimesavage,Deetranada,Adolescence Swim,Hip-Hop/Rap,148125.0,0,0,2024-10-11 18:50:55+00:00,2017-06-25T12:00:00Z,,2024-10-11 18:50:54+00:00
182931986,I Wish,Carl Thomas,Emotional,R&B/Soul,228507.0,0,0,2024-10-13 22:37:21+00:00,2000-02-15T08:00:00Z,,2024-10-13 22:37:20+00:00
182931990,4evermore (feat. Algebra),Anthony David,4evermore (feat. Algebra) - Single,R&B/Soul,221947.0,0,0,2024-10-14 11:36:06+00:00,2011-03-21T12:00:00Z,,2024-10-14 11:36:06+00:00
182931994,Green Light,Beyoncé,B'Day (Deluxe Edition),Pop,210200.0,0,0,2024-10-17 15:26:33+00:00,2006-09-04T07:00:00Z,,2024-10-17 15:26:32+00:00
182931998,New Classic (Single Version),Selena Gomez & Drew Seeley,Another Cinderella Story (Original Motion Picture Soundtrack),Soundtrack,189333.0,0,0,2024-10-19 08:38:48+00:00,2008-08-26T12:00:00Z,,2024-10-19 08:38:47+00:00
182932002,Right Here,Chase Atlantic,Part One - Single,Alternative,235000.0,0,0,2024-10-28 15:11:15+00:00,2017-01-27T12:00:00Z,,2024-10-28 15:11:14+00:00
182932006,Can't Raise a Man,K. Michelle,Rebellious Soul,R&B/Soul,207965.0,0,0,2024-10-28 15:25:32+00:00,2013-08-13T07:00:00Z,,2024-10-28 15:25:31+00:00
182932010,Don't Like.1,"Kanye West, Chief Keef, Pusha T, Big Sean & Jadakiss",G.O.O.D. - EP,Hip-Hop/Rap,283653.0,0,0,2024-10-28 18:31:54+00:00,2012-09-14T12:00:00Z,,2024-10-28 18:31:53+00:00
182932014,Everytime Tha Beat Drop (feat. Dem Franhize Boyz),Monica,The Makings of Me (Deluxe),R&B/Soul,223293.0,0,0,2024-10-29 14:05:11+00:00,2006-07-24T07:00:00Z,,2024-10-29 14:05:10+00:00
182932022,OHMAMI,Chase Atlantic,BEAUTY IN DEATH (DELUXE EDITION),Alternative,226836.0,0,0,2024-10-30 15:55:50+00:00,2021-06-25T12:00:00Z,,2024-10-30 15:55:48+00:00
182932230,Dangerous City (feat. Buju Banton),dvsn & Ty Dolla $ign,A Muse In Her Feelings,R&B/Soul,246045.0,0,0,2024-11-02 18:26:07+00:00,2020-04-10T12:00:00Z,,2024-11-02 18:26:06+00:00
182932234,"Sticky (feat. GloRilla, Sexyy Red & Lil Wayne)","Tyler, The Creator",CHROMAKOPIA,Hip-Hop/Rap,255916.0,17,1,2024-11-23 19:03:33+00:00,2024-10-28T12:00:00Z,2024-11-28 16:21:38+00:00,2024-11-03 21:26:03+00:00
182932238,Where The Party At,Jagged Edge,Where The Party At - EP,Hip-Hop/Rap,234626.0,0,0,2024-11-04 12:29:54+00:00,2001-06-19T12:00:00Z,,2024-11-04 12:29:53+00:00
182932242,Rah Tah Tah,"Tyler, The Creator",CHROMAKOPIA,Hip-Hop/Rap,165413.0,0,0,2024-11-04 20:45:03+00:00,2024-10-28T12:00:00Z,,2024-11-04 20:45:02+00:00
182932246,Upgrade U (feat. JAY-Z),Beyoncé,B'Day,Pop,272707.0,0,0,2024-11-05 12:24:36+00:00,2006-09-04T07:00:00Z,,2024-11-05 12:24:35+00:00
182932250,Female Goat (feat. City Girls),Lakeyah,Time's Up,Hip-Hop/Rap,173752.0,0,0,2024-11-05 12:41:57+00:00,2020-12-11T12:00:00Z,,2024-11-05 12:41:56+00:00
182932254,Dance For You,Beyoncé,4 (Expanded Edition),Pop,375716.0,0,0,2024-11-05 13:06:49+00:00,2011-06-24T07:00:00Z,,2024-11-05 13:06:48+00:00
182932262,ELEMENT.,Kendrick Lamar,DAMN. COLLECTORS EDITION.,Hip-Hop/Rap,208733.0,0,0,2024-11-06 13:07:42+00:00,2017-04-14T07:00:00Z,,2024-11-06 13:07:41+00:00
182932266,Alright,Kendrick Lamar,To Pimp a Butterfly,Hip-Hop/Rap,219337.0,0,0,2024-11-06 14:28:14+00:00,2015-03-15T12:00:00Z,,2024-11-06 14:23:15+00:00
182932270,family ties,Baby Keem & Kendrick Lamar,family ties - Single,Hip-Hop/Rap,252070.0,0,0,2024-11-06 14:35:53+00:00,2021-08-27T12:00:00Z,,2024-11-06 14:35:52+00:00
182932274,'Till I Collapse (feat. Nate Dogg),Eminem,The Eminem Show (Expanded Edition),Hip-Hop/Rap,297787.0,0,0,2024-11-06 17:57:53+00:00,2002-05-26T12:00:00Z,,2024-11-06 17:57:52+00:00
182932278,Numb / Encore,JAY-Z & LINKIN PARK,Collision Course (Bonus Video Version) - EP,Hard Rock,205280.0,0,0,2024-11-06 18:14:27+00:00,2004-11-30T08:00:00Z,,2024-11-06 18:14:25+00:00
182932482,It's On Again (feat. Kendrick Lamar) [From The Amazing Spider-Man 2 Soundtrack],Alicia Keys,It's On Again (feat. Kendrick Lamar) [From The Amazing Spider-Man 2 Soundtrack] - Single,Pop,229827.0,0,0,2024-11-06 18:22:38+00:00,2014-03-31T07:00:00Z,,2024-11-06 18:22:37+00:00
182932486,Patiently Waiting (feat. Eminem),50 Cent,Get Rich or Die Tryin' (Bonus Track Version),Hip-Hop/Rap,288880.0,0,0,2024-11-06 20:35:50+00:00,2003-02-06T08:00:00Z,,2024-11-06 20:35:48+00:00
182932490,Love More (feat. Nicki Minaj),Chris Brown,X (Expanded Edition),R&B/Soul,189629.0,0,0,2024-11-08 13:50:21+00:00,2013-07-16T07:00:00Z,,2024-11-08 13:50:20+00:00
182932494,WHATCHU KNO ABOUT ME,GloRilla & Sexyy Red,WHATCHU KNO ABOUT ME - Single,Hip-Hop/Rap,149461.0,0,0,2024-11-09 14:16:49+00:00,2024-10-11T12:00:00Z,,2024-11-09 14:16:48+00:00
182933282,Bitch I'm Nice,Doechii,she / her / black bitch - EP,Hip-Hop/Rap,87040.0,0,0,2024-11-14 02:28:03+00:00,2022-07-08T12:00:00Z,,2024-11-14 21:08:34+00:00
182933778,Hate It Or Love It (feat. 50 Cent),The Game,The Documentary,Hip-Hop/Rap,206400.0,0,0,2024-11-14 02:28:44+00:00,2005-01-18T12:00:00Z,,2024-11-28 03:08:55+00:00
182933782,Blood Sweat Tears Revenge,Kodak Black,Lil Big Pac,Hip-Hop/Rap,148010.0,0,0,2024-11-15 14:18:40+00:00,2016-06-10T07:00:00Z,,2024-11-21 17:55:31+00:00
182933786,Love All Over Me,Monica,Still Standing,R&B/Soul,229923.0,0,0,2024-11-15 17:37:08+00:00,2010-03-19T07:00:00Z,,2024-11-15 17:36:36+00:00
182933790,do re mi,blackbear,digital druglord,R&B/Soul,212027.0,0,0,2024-11-17 07:48:28+00:00,2017-04-21T12:00:00Z,,2024-11-17 07:48:27+00:00
182933794,Like I'm Gonna Lose You (feat. John Legend),Meghan Trainor,Title (Special Edition),Pop,225053.0,0,0,2024-11-18 05:54:43+00:00,2015-01-09T08:00:00Z,,2024-11-18 05:54:42+00:00
182933798,Chasing Pavements,Adele,19,Pop,210507.0,0,0,2024-11-18 05:54:43+00:00,2008-01-14T08:00:00Z,,2024-11-18 05:54:41+00:00
182933802,Rock Your Body,Justin Timberlake,Justified,Pop,267267.0,0,0,2024-11-18 05:55:35+00:00,2002-11-05T08:00:00Z,,2024-11-18 05:55:31+00:00
182933806,Beautiful People (feat. Khalid),Ed Sheeran,No.6 Collaborations Project,Pop,197867.0,0,0,2024-11-18 05:55:36+00:00,2019-06-28T07:00:00Z,,2024-11-18 05:55:31+00:00
182933810,Freakum Dress,Beyoncé,B'Day,Pop,200533.0,0,0,2024-11-18 15:44:05+00:00,2006-09-04T07:00:00Z,,2024-11-18 15:44:04+00:00
182933814,Numb (feat. B.o.B & Yo Gotti),August Alsina,Testimony (Deluxe Edition),R&B/Soul,254166.0,0,0,2024-11-19 11:26:35+00:00,2013-12-10T12:00:00Z,,2024-11-19 11:26:34+00:00
182934022,m.A.A.d city (feat. MC Eiht),Kendrick Lamar,"good kid, m.A.A.d city (Deluxe)",Hip-Hop/Rap,350172.0,0,0,2024-11-19 13:41:57+00:00,2012-10-22T12:00:00Z,,2024-11-19 13:41:56+00:00
182934026,D.D. (Original),The Weeknd,Echoes Of Silence (Original),R&B/Soul,274434.0,7,0,2024-11-19 20:32:16+00:00,2011-12-21T12:00:00Z,2024-11-27 18:21:00+00:00,2024-11-19 17:54:14+00:00
182934046,Tomorrow 2,GloRilla & Cardi B,Tomorrow 2 - Single,Hip-Hop/Rap,209811.0,0,0,2024-11-20 05:17:27+00:00,2022-09-23T12:00:00Z,,2024-11-20 05:17:27+00:00
182934050,You Give Good Love,Whitney Houston,Whitney Houston,Pop,276822.0,0,0,2024-11-20 13:12:52+00:00,1985-02-14T08:00:00Z,,2024-11-20 13:12:52+00:00
182934302,I Was Never There,The Weeknd & Gesaffelstein,"My Dear Melancholy,",R&B/Soul,241070.0,0,0,2024-11-20 15:57:18+00:00,2018-03-30T12:00:00Z,,2024-11-20 15:57:18+00:00
182934306,"Hold On, We're Going Home (feat. Majid Jordan)",Drake,Nothing Was the Same (Deluxe),Hip-Hop/Rap,231193.0,5,0,2024-11-23 19:03:19+00:00,2013-08-07T07:00:00Z,2024-11-28 16:17:22+00:00,2024-11-20 16:50:49+00:00
182934314,Party (feat. André 3000),Beyoncé,4 (Expanded Edition),Pop,244923.0,0,0,2024-11-20 18:23:06+00:00,2011-06-24T07:00:00Z,,2024-11-27 03:42:48+00:00
182934318,Bad Girl,USHER,Confessions (Expanded Edition),R&B/Soul,261800.0,0,0,2024-11-20 18:36:23+00:00,2004-03-23T08:00:00Z,,2024-11-20 18:36:22+00:00
182934322,Slight Work (feat. Big Sean),Wale,Ambition (Deluxe Version),Hip-Hop/Rap,219280.0,0,0,2024-11-20 20:40:37+00:00,2011-11-01T07:00:00Z,,2024-11-20 20:40:36+00:00
182934326,16 Zips,Young Dolph,16 Zips,Hip-Hop/Rap,209450.0,0,0,2024-11-20 21:08:16+00:00,2015-07-28T12:00:00Z,,2024-11-20 21:08:15+00:00
182934530,Haunted,Beyoncé,BEYONCÉ,Pop,369040.0,2,1,2024-11-23 19:03:15+00:00,2013-12-13T08:00:00Z,2024-11-22 12:43:22+00:00,2024-11-21 18:53:07+00:00
182934810,Get You (feat. Kali Uchis),Daniel Caesar,Freudian,R&B/Soul,278180.0,0,0,2024-11-25 00:27:43+00:00,2016-10-21T12:00:00Z,,2024-11-25 00:27:42+00:00
182934814,Try Again (Mixed),Aaliyah,Pure Throwback Radio: Icons of Hip Hop and R&B (DJ Mix),Hip-Hop/Rap,61826.0,0,0,2024-11-28 02:30:22+00:00,2024-03-08T12:00:00Z,,2024-11-28 02:29:56+00:00
182934818,The Boy Is Mine (Mixed),Brandy & Monica,Pure Throwback Radio: Icons of Hip Hop and R&B (DJ Mix),Hip-Hop/Rap,173750.0,0,0,2024-11-28 02:30:22+00:00,2024-03-08T12:00:00Z,,2024-11-28 02:30:09+00:00
182935334,Bring Me to Life,Evanescence,Fallen,Hard Rock,235893.0,0,0,2024-11-28 05:30:45+00:00,2003-02-04T12:00:00Z,,2024-11-28 05:30:44+00:00
182935338,Twenty Eight,The Weeknd,Trilogy,R&B/Soul,258294.0,0,0,2024-11-28 16:15:04+00:00,2012-11-13T12:00:00Z,,2024-11-28 16:15:03+00:00
182935342,Sunday Service,Latto,Sugar Honey Iced Tea,Rap,166613.0,0,0,2024-11-28 20:23:17+00:00,2024-08-07T07:00:00Z,,2024-11-28 20:23:16+00:00
182935346,Big Mama,Latto,Sugar Honey Iced Tea,Rap,173333.0,0,0,2024-11-28 20:23:23+00:00,2024-08-07T07:00:00Z,,2024-11-28 20:23:22+00:00
182935350,Brokey,Latto,Sugar Honey Iced Tea,Rap,217613.0,0,0,2024-11-28 20:23:26+00:00,2024-08-09T12:00:00Z,,2024-11-28 20:23:26+00:00
182935554,Looking For the Hoes (Ain’t My Fault),Sexyy Red,Hood Hottest Princess,Hip-Hop/Rap,130708.0,0,0,2024-11-28 20:26:31+00:00,2023-06-09T12:00:00Z,,2024-11-28 20:26:30+00:00
182935558,BOP (feat. GloRilla),Big Boogie & DJ Drama,REDRUM Wizard (Gangsta Grillz),Hip-Hop/Rap,202286.0,0,0,2024-11-28 20:33:05+00:00,2024-02-23T12:00:00Z,,2024-11-28 20:33:05+00:00
182935562,FREE ACE,FWC Big Key,FREE 24,Hip-Hop/Rap,117601.0,0,0,2024-11-30 04:44:47+00:00,2023-10-27T12:00:00Z,,2024-11-30 04:44:46+00:00
182935566,Strips Blue,Goldenboy Countup,The Rawest II,Hip-Hop/Rap,157584.0,0,0,2024-11-30 05:04:06+00:00,2023-08-10T12:00:00Z,,2024-11-30 05:04:05+00:00
182935570,Ballin' and Struggling,Goldenboy Countup,The Rawest II,Hip-Hop/Rap,148080.0,0,0,2024-11-30 05:09:32+00:00,2023-08-10T12:00:00Z,,2024-11-30 05:09:32+00:00
182935574,Master P,Goldenboy Countup,IDN2,Hip-Hop/Rap,105667.0,0,0,2024-11-30 05:14:09+00:00,2021-11-25T12:00:00Z,,2024-11-30 05:14:08+00:00
